LocID,Country,VarID,Variant,Time,MidPeriod,PopMale,PopFemale,PopTotal,PopDensity
4,Afghanistan,2,Medium,2019,2019.5,19529727,1851203,38041757,58.269
903,Africa,2,Medium,2019,2019.5,65351368,654550496,1308064176,44.119
1823,African Group,2,Medium,2019,2019.5,652644714,653675858,1306320572,44.464
1560,African Union,2,Medium,2019,2019.5,652949469,653953561,130690303,44.085
2080,African Union: Central Africa,2,Medium,2019,2019.5,76945498,77068207,154013705,29.192
2081,African Union: Eastern Africa,2,Medium,2019,2019.5,19063388,191897339,382531219,59.835
2082,African Union: Northern Africa,2,Medium,2019,2019.5,102362525,101130701,203493226,28.925
2083,African Union: Southern Africa,2,Medium,2019,2019.5,88295489,91661003,179956492,30.458
2084,African Union: Western Africa,2,Medium,2019,2019.5,194712077,192196311,386908388,76.875
1200,"African, Caribbean and Pacific (ACP) Group of States",2,Medium,2019,2019.5,573953218,576237357,1150190575,47.628
8,Albania,2,Medium,2019,2019.5,1466785,1414128,2880913,105.143
12,Algeria,2,Medium,2019,2019.5,21749666,21303388,43053054,18.076
16,American Samoa,2,Medium,2019,2019.5,NA,NA,55312,276.56
1533,Andean Community,2,Medium,2019,2019.5,55331532,56405132,111736664,30.027
20,Andorra,2,Medium,2019,2019.5,NA,NA,77146,164.14
24,Angola,2,Medium,2019,2019.5,15744779,1608052,31825299,25.528
660,Anguilla,2,Medium,2019,2019.5,NA,NA,14872,165.244
28,Antigua and Barbuda,2,Medium,2019,2019.5,46851,50264,97115,220.716
32,Argentina,2,Medium,2019,2019.5,21841415,2293926,44780675,16.363
51,Armenia,2,Medium,2019,2019.5,1391269,1566459,2957728,103.889
533,Aruba,2,Medium,2019,2019.5,50443,55867,107130,590.611
935,Asia,2,Medium,2019,2019.5,2353466245,2247905021,4601371266,148.273
1207,Asia-Pacific Economic Cooperation (APEC),2,Medium,2019,2019.5,1487063708,146918157,2956245278,49.16
1824,Asia-Pacific Group,2,Medium,2019,2019.5,2344133868,2238002391,4582136259,146.198
1557,Association of Southeast Asian Nations (ASEAN),2,Medium,2019,2019.5,330019461,330699265,660718726,152.738
36,Australia,2,Medium,2019,2019.5,12551311,12651889,252032,3.281
927,Australia/New Zealand,2,Medium,2019,2019.5,14902473,15083789,29986262,3.774
40,Austria,2,Medium,2019,2019.5,440938,4545728,8955108,108.667
31,Azerbaijan,2,Medium,2019,2019.5,5015834,5031885,10047719,121.558
1525,BRIC,2,Medium,2019,2019.5,1617089931,1540033296,3157123227,85.106
1526,BRICS,2,Medium,2019,2019.5,1645949233,1569732261,3215681494,83.94
44,Bahamas,2,Medium,2019,2019.5,18923,200256,389486,38.91
48,Bahrain,2,Medium,2019,2019.5,1054797,586367,1641164,2159.426
50,Bangladesh,2,Medium,2019,2019.5,82473791,80572382,163046173,1252.563
52,Barbados,2,Medium,2019,2019.5,138813,148208,287021,667.491
112,Belarus,2,Medium,2019,2019.5,4399913,5052496,9452409,46.584
56,Belgium,2,Medium,2019,2019.5,5711479,5827847,11539326,381.087
84,Belize,2,Medium,2019,2019.5,194281,19607,390351,17.113
2067,Belt-Road Initiative (BRI),2,Medium,2019,2019.5,16743528,1679211922,3353564722,49.727
2068,Belt-Road Initiative: Africa,2,Medium,2019,2019.5,581731143,582387479,1164118622,48.048
2069,Belt-Road Initiative: Asia,2,Medium,2019,2019.5,7858495,767079023,1552928523,90.467
2070,Belt-Road Initiative: Europe,2,Medium,2019,2019.5,196943086,21762933,414572416,21.705
2071,Belt-Road Initiative: Latin America and the Caribbean,2,Medium,2019,2019.5,102173344,104588237,206761581,33.384
2072,Belt-Road Initiative: Pacific,2,Medium,2019,2019.5,7655727,7527853,1518358,20.208
204,Benin,2,Medium,2019,2019.5,5891256,5909895,11801151,104.657
60,Bermuda,2,Medium,2019,2019.5,NA,NA,62508,1250.16
64,Bhutan,2,Medium,2019,2019.5,405032,358062,763094,20.02
1527,Black Sea Economic Cooperation (BSEC),2,Medium,2019,2019.5,163129456,179702789,342832245,18.51
1569,Bolivarian Alliance for the Americas (ALBA),2,Medium,2019,2019.5,28990385,2954468,58535065,26.668
68,Bolivia (Plurinational State of),2,Medium,2019,2019.5,5779611,5733491,11513102,10.628
535,Bonaire,2,Medium,2019,2019.5,NA,NA,25983,79.216
70,Bosnia and Herzegovina,2,Medium,2019,2019.5,1616799,1684199,3300998,64.725
72,Botswana,2,Medium,2019,2019.5,1114116,1189587,2303703,4.065
76,Brazil,2,Medium,2019,2019.5,10373316,107316359,211049519,25.251
92,British Virgin Islands,2,Medium,2019,2019.5,NA,NA,30033,200.22
96,Brunei Darussalam,2,Medium,2019,2019.5,224982,208314,433296,82.219
100,Bulgaria,2,Medium,2019,2019.5,3400054,3600063,7000117,64.482
854,Burkina Faso,2,Medium,2019,2019.5,10147774,10173609,20321383,74.274
108,Burundi,2,Medium,2019,2019.5,5718988,5811589,11530577,449.01
132,Cabo Verde,2,Medium,2019,2019.5,276036,2739,549936,136.461
116,Cambodia,2,Medium,2019,2019.5,8047364,8439178,16486542,93.398
120,Cameroon,2,Medium,2019,2019.5,12939928,12936459,25876387,54.741
124,Canada,2,Medium,2019,2019.5,18563538,188475,37411038,4.114
915,Caribbean,2,Medium,2019,2019.5,2140136,21933646,43335006,191.74
1530,Caribbean Community and Common Market (CARICOM),2,Medium,2019,2019.5,9232427,9437032,18669459,43.165
136,Cayman Islands,2,Medium,2019,2019.5,NA,NA,64948,270.617
140,Central African Republic,2,Medium,2019,2019.5,2351973,2393206,4745179,7.617
916,Central America,2,Medium,2019,2019.5,87024928,90561597,177586525,72.417
5500,Central Asia,2,Medium,2019,2019.5,36247413,36964698,73212111,18.644
1545,Central European Free Trade Agreement (CEFTA),2,Medium,2019,2019.5,12661702,1317744,25839142,88.086
921,Central and Southern Asia,2,Medium,2019,2019.5,1025739444,965684063,1991423507,192.838
148,Chad,2,Medium,2019,2019.5,7960522,798636,15946882,12.664
830,Channel Islands,2,Medium,2019,2019.5,85254,8701,172264,906.653
152,Chile,2,Medium,2019,2019.5,9341774,9610261,18952035,25.489
156,China,2,Medium,2019,2019.5,735624259,698159433,1433783692,152.722
1105,China (and dependencies),2,Medium,2019,2019.5,751174575,714459601,1465634176,155.51
344,"China, Hong Kong SAR",2,Medium,2019,2019.5,3418487,401767,7436157,7082.054
446,"China, Macao SAR",2,Medium,2019,2019.5,307706,33274,640446,21419.599
158,"China, Taiwan Province of China",2,Medium,2019,2019.5,11824123,11949758,23773881,671.389
170,Colombia,2,Medium,2019,2019.5,24713193,2562625,50339443,45.371
1566,Commonwealth of Independent States (CIS),2,Medium,2019,2019.5,13697424,152604888,289579128,13.64
2074,Commonwealth of Nations,2,Medium,2019,2019.5,1295246211,1234505864,2529752075,84.391
2075,Commonwealth: Africa,2,Medium,2019,2019.5,284611352,285136483,569747835,74.477
2076,Commonwealth: Asia,2,Medium,2019,2019.5,933970731,871569677,1805540408,422.698
2077,Commonwealth: Caribbean and Americas,2,Medium,2019,2019.5,21943469,22287595,44231064,4.734
2078,Commonwealth: Europe,2,Medium,2019,2019.5,34171515,34997597,69169112,275.037
2079,Commonwealth: Pacific,2,Medium,2019,2019.5,20549144,20514512,41063656,4.853
174,Comoros,2,Medium,2019,2019.5,42921,421681,850891,457.222
178,Congo,2,Medium,2019,2019.5,2687358,2693146,5380504,15.756
184,Cook Islands,2,Medium,2019,2019.5,NA,NA,17547,73.112
188,Costa Rica,2,Medium,2019,2019.5,2522539,2525022,5047561,98.855
1638,Countries with Access to the Sea,2,Medium,2019,2019.5,3600496039,3529632704,7130128743,63.141
2094,Countries with Access to the Sea: Africa,2,Medium,2019,2019.5,48841994,487381748,975801688,45.8
2095,Countries with Access to the Sea: Asia,2,Medium,2019,2019.5,2272641057,2164704463,443734552,182.034
2096,Countries with Access to the Sea: Europe,2,Medium,2019,2019.5,327452443,351236885,678689328,31.647
2097,Countries with Access to the Sea: Latin America and the Caribbean,2,Medium,2019,2019.5,309442629,320120586,629563215,33.741
2098,Countries with Access to the Sea: Northern America,2,Medium,2019,2019.5,181452303,185148641,366600944,19.655
2099,Countries with Access to the Sea: Oceania,2,Medium,2019,2019.5,21087667,21040381,42128048,4.964
191,Croatia,2,Medium,2019,2019.5,1990015,2140284,4130299,73.808
192,Cuba,2,Medium,2019,2019.5,5627928,5705556,11333484,106.478
531,Curaçao,2,Medium,2019,2019.5,75084,88339,163423,368.07
196,Cyprus,2,Medium,2019,2019.5,599297,599277,1198574,129.716
203,Czechia,2,Medium,2019,2019.5,5260628,5428585,10689213,138.39
384,Côte d’Ivoire,2,Medium,2019,2019.5,12974206,12742348,25716554,80.87
408,Democratic People's Republic of Korea,2,Medium,2019,2019.5,12552762,13113396,25666158,213.156
180,Democratic Republic of the Congo,2,Medium,2019,2019.5,43319103,43471465,86790568,38.283
208,Denmark,2,Medium,2019,2019.5,2869672,2902205,5771877,136.033
1106,Denmark (and dependencies),2,Medium,2019,2019.5,2924819,2952395,5877214,12.938
262,Djibouti,2,Medium,2019,2019.5,511947,46161,973557,42
212,Dominica,2,Medium,2019,2019.5,NA,NA,71808,95.744
214,Dominican Republic,2,Medium,2019,2019.5,5366198,5372759,10738957,222.247
1737,ECE: North America-2,2,Medium,2019,2019.5,181389837,185086118,366475955,20.091
1736,ECE: UNECE-52,2,Medium,2019,2019.5,632408121,664084475,1296492596,28.632
1744,ECLAC: Latin America,2,Medium,2019,2019.5,312928255,323144531,636072786,32.41
1746,ECLAC: The Caribbean,2,Medium,2019,2019.5,5873211,6171587,12044798,24.015
1071,ESCAP region: East and North-East Asia,2,Medium,2019,2019.5,841092913,807744326,1648837239,143.066
1074,ESCAP region: North and Central Asia,2,Medium,2019,2019.5,112163199,123923381,23608658,11.525
1075,ESCAP region: Pacific,2,Medium,2019,2019.5,21081501,21033781,42115282,4.963
1073,ESCAP region: South and South-West Asia,2,Medium,2019,2019.5,103066574,970975263,2001641003,279.178
1072,ESCAP region: South-East Asia,2,Medium,2019,2019.5,330672968,331338878,662011846,152.513
2061,ESCAP: ADB Developing member countries (DMCs),2,Medium,2019,2019.5,2062539087,1967041345,4029580432,163.321
2058,ESCAP: ADB Group A (Concessional assistance only),2,Medium,2019,2019.5,79684284,83282455,162966739,71.714
2059,ESCAP: ADB Group B (OCR blend),2,Medium,2019,2019.5,927234097,86508927,1792323367,283.533
2060,ESCAP: ADB Group C (Regular OCR only),2,Medium,2019,2019.5,1055620706,101866962,2074290326,129.007
1054,ESCAP: ASEAN,2,Medium,2019,2019.5,330019461,330699265,660718726,152.738
1057,ESCAP: Central Asia,2,Medium,2019,2019.5,44560259,45654061,9021432,21.964
1055,ESCAP: ECO,2,Medium,2019,2019.5,255304154,24890625,504210404,64.383
2049,ESCAP: HDI groups,2,Medium,2019,2019.5,2335676321,2255015629,459069195,88.272
1060,ESCAP: Landlocked countries (LLDCs),2,Medium,2019,2019.5,80825188,83200558,164025746,24.641
1059,ESCAP: Least Developed Countries (LDCs),2,Medium,2019,2019.5,154356191,156197054,310553245,149.233
1058,ESCAP: Pacific island dev. econ.,2,Medium,2019,2019.5,6179028,5949992,1212902,22.432
1056,ESCAP: SAARC,2,Medium,2019,2019.5,947602141,887695362,1835297503,384.631
2048,ESCAP: WB High income econ.,2,Medium,2019,2019.5,109894676,113288762,223183438,26.452
2045,ESCAP: WB Low income econ.,2,Medium,2019,2019.5,45129442,47187188,9231663,100.714
2046,ESCAP: WB Lower middle income econ.,2,Medium,2019,2019.5,1224316923,1163178302,2387495225,231.624
2047,ESCAP: WB Upper middle income econ.,2,Medium,2019,2019.5,95632588,931351616,1887677496,58.363
2044,ESCAP: WB income groups,2,Medium,2019,2019.5,2335666921,2255005868,4590672789,88.273
2053,ESCAP: high HDI,2,Medium,2019,2019.5,10960567,113004962,222610632,26.453
1064,ESCAP: high income,2,Medium,2019,2019.5,109718304,113117872,222836176,26.423
2054,ESCAP: income groups,2,Medium,2019,2019.5,2335676321,2255015629,459069195,88.272
2050,ESCAP: low HDI,2,Medium,2019,2019.5,985163494,926572122,1911735616,297.845
1062,ESCAP: low income,2,Medium,2019,2019.5,1065375937,1007654092,2073030029,277.71
2051,ESCAP: lower middle HDI,2,Medium,2019,2019.5,104747376,1010411519,2057885279,135.973
2055,ESCAP: lower middle income,2,Medium,2019,2019.5,29019909,290069186,580268276,88.732
1065,ESCAP: other Asia-Pacific countries/areas,2,Medium,2019,2019.5,105881234,91599816,19748105,50.882
2052,ESCAP: upper middle HDI,2,Medium,2019,2019.5,193433397,205027026,398460423,18.081
2056,ESCAP: upper middle income,2,Medium,2019,2019.5,87038299,844174479,1714557469,57.986
2062,ESCWA: Arab countries,2,Medium,2019,2019.5,221900697,206265692,428166389,32.909
2066,ESCWA: Arab least developed countries,2,Medium,2019,2019.5,46993436,46774775,93768211,23.583
2065,ESCWA: Gulf Cooperation Council countries,2,Medium,2019,2019.5,35586159,221082,57694359,22.423
2063,ESCWA: Maghreb countries,2,Medium,2019,2019.5,49063328,48933666,97996994,20.662
2064,ESCWA: Mashreq countries,2,Medium,2019,2019.5,90257774,88449051,178706825,103.994
1765,ESCWA: member countries,2,Medium,2019,2019.5,191509678,176336303,367845981,36.872
1563,East African Community (EAC),2,Medium,2019,2019.5,94371773,95696871,190068644,82.066
910,Eastern Africa,2,Medium,2019,2019.5,215283757,218621186,433904943,65.078
906,Eastern Asia,2,Medium,2019,2019.5,852917036,819694084,167261112,144.684
923,Eastern Europe,2,Medium,2019,2019.5,138023995,155420926,293444921,16.255
1825,Eastern European Group,2,Medium,2019,2019.5,16087643,179437258,340313688,18.217
1832,Eastern and South-Eastern Asia,2,Medium,2019,2019.5,1183590004,1151032962,2334622966,146.821
1538,Economic Community of Central African States (ECCAS),2,Medium,2019,2019.5,98896363,99569579,198465942,30.313
1540,Economic Community of West African States (ECOWAS),2,Medium,2019,2019.5,194712077,192196311,386908388,76.875
1547,Economic Cooperation Organization (ECO),2,Medium,2019,2019.5,255304154,24890625,504210404,64.383
218,Ecuador,2,Medium,2019,2019.5,8690487,868317,17373657,69.954
818,Egypt,2,Medium,2019,2019.5,50722599,49665477,100388076,100.847
222,El Salvador,2,Medium,2019,2019.5,3023353,3430197,645355,311.465
226,Equatorial Guinea,2,Medium,2019,2019.5,753823,602159,1355982,48.342
232,Eritrea,2,Medium,2019,2019.5,1752711,1744406,3497117,34.625
233,Estonia,2,Medium,2019,2019.5,626626,699023,1325649,31.273
748,Eswatini,2,Medium,2019,2019.5,56279,585343,1148133,66.752
231,Ethiopia,2,Medium,2019,2019.5,56069008,56009719,112078727,112.079
1546,Eurasian Economic Community (Eurasec),2,Medium,2019,2019.5,105324578,117270108,222594686,11.109
917,Europe,2,Medium,2019,2019.5,360711588,386471227,747182815,33.756
908,Europe,2,Medium,2019,2019.5,360711588,386471227,747182815,33.756
1506,Europe (48),2,Medium,2019,2019.5,360711588,386471227,747182815,33.756
1829,Europe and Northern America,2,Medium,2019,2019.5,542163891,571619868,1113783759,27.308
1550,European Community (EC: 12),2,Medium,2019,2019.5,188353435,195716561,384069996,164.88
1544,European Free Trade Agreement (EFTA),2,Medium,2019,2019.5,7166517,718076,14347277,28.4
1549,European Union (EU: 15),2,Medium,2019,2019.5,200515622,208078032,408593654,130.707
986,European Union (EU: 28),2,Medium,2019,2019.5,250845723,261671206,512516929,120.883
238,Falkland Islands (Malvinas),2,Medium,2019,2019.5,NA,NA,3372,0.277
234,Faroe Islands,2,Medium,2019,2019.5,NA,NA,48677,34.869
242,Fiji,2,Medium,2019,2019.5,450959,438996,889955,48.711
246,Finland,2,Medium,2019,2019.5,272721,2804949,5532159,18.204
250,France,2,Medium,2019,2019.5,31524494,33605237,65129731,118.946
1107,France (and dependencies),2,Medium,2019,2019.5,32902008,3507639,67978398,103.357
254,French Guiana,2,Medium,2019,2019.5,143766,147057,290823,3.538
258,French Polynesia,2,Medium,2019,2019.5,141492,137793,279285,76.307
266,Gabon,2,Medium,2019,2019.5,1106192,1066386,2172578,8.432
270,Gambia,2,Medium,2019,2019.5,1164364,1183332,2347696,231.986
268,Georgia,2,Medium,2019,2019.5,1905743,2091019,3996762,57.516
276,Germany,2,Medium,2019,2019.5,41249115,42267931,83517046,239.606
288,Ghana,2,Medium,2019,2019.5,15416086,15001772,30417858,133.681
292,Gibraltar,2,Medium,2019,2019.5,NA,NA,33706,3370.6
1536,Greater Arab Free Trade Area (GAFTA),2,Medium,2019,2019.5,210987501,195385836,406373337,35.875
300,Greece,2,Medium,2019,2019.5,514052,5332932,10473452,81.253
304,Greenland,2,Medium,2019,2019.5,NA,NA,5666,0.138
308,Grenada,2,Medium,2019,2019.5,56426,55576,112002,329.418
1556,Group of 77 (G77),2,Medium,2019,2019.5,308155665,2978538312,6060094962,81.595
1523,Group of Eight (G8),2,Medium,2019,2019.5,446529166,469406378,915935544,25.153
1522,Group of Seven (G7),2,Medium,2019,2019.5,378926226,391137058,770063284,38.431
1524,Group of Twenty (G20) - member states,2,Medium,2019,2019.5,2344548037,2278305169,4622853206,61.199
312,Guadeloupe,2,Medium,2019,2019.5,184686,215362,400048,245.73
316,Guam,2,Medium,2019,2019.5,84437,82858,167295,309.806
320,Guatemala,2,Medium,2019,2019.5,865995,8921526,17581476,164.068
324,Guinea,2,Medium,2019,2019.5,6166075,6605171,12771246,51.975
624,Guinea-Bissau,2,Medium,2019,2019.5,938863,982054,1920917,68.311
1561,Gulf Cooperation Council (GCC),2,Medium,2019,2019.5,35586159,221082,57694359,22.423
328,Guyana,2,Medium,2019,2019.5,393271,389504,782775,3.977
332,Haiti,2,Medium,2019,2019.5,5557596,5705483,11263079,408.675
1503,High-income countries,2,Medium,2019,2019.5,62622758,631815904,1258043484,33.206
336,Holy See,2,Medium,2019,2019.5,NA,NA,815,1852.273
340,Honduras,2,Medium,2019,2019.5,4868994,4877121,9746115,87.104
348,Hungary,2,Medium,2019,2019.5,4680790,5088736,9769526,106.978
352,Iceland,2,Medium,2019,2019.5,17023,168807,339037,3.382
356,India,2,Medium,2019,2019.5,710129572,656288184,1366417756,459.58
360,Indonesia,2,Medium,2019,2019.5,136269761,134355806,270625567,149.387
364,Iran (Islamic Republic of),2,Medium,2019,2019.5,4188989,41024003,82913893,50.913
368,Iraq,2,Medium,2019,2019.5,19891814,19417975,39309789,90.509
372,Ireland,2,Medium,2019,2019.5,2422418,246008,4882498,70.874
833,Isle of Man,2,Medium,2019,2019.5,NA,NA,84589,148.402
376,Israel,2,Medium,2019,2019.5,4237327,4282046,8519373,393.686
380,Italy,2,Medium,2019,2019.5,29461035,31089057,60550092,205.855
388,Jamaica,2,Medium,2019,2019.5,146372,1484557,2948277,272.232
392,Japan,2,Medium,2019,2019.5,6195031,64909989,126860299,347.987
400,Jordan,2,Medium,2019,2019.5,5113215,4988482,10101697,113.783
398,Kazakhstan,2,Medium,2019,2019.5,8999754,9551674,18551428,6.872
404,Kenya,2,Medium,2019,2019.5,26122382,26451585,52573967,92.374
296,Kiribati,2,Medium,2019,2019.5,57822,59786,117608,145.195
414,Kuwait,2,Medium,2019,2019.5,2563055,1644022,4207077,236.087
417,Kyrgyzstan,2,Medium,2019,2019.5,3173902,3241949,6415851,33.451
2087,LLDC: Africa,2,Medium,2019,2019.5,16509374,167168748,332262488,39.827
2088,LLDC: Asia,2,Medium,2019,2019.5,80825188,83200558,164025746,24.641
2089,LLDC: Europe,2,Medium,2019,2019.5,2980153,3146563,6126716,105.506
2090,LLDC: Latin America,2,Medium,2019,2019.5,9360499,9197242,18557741,12.534
1607,Land-locked Countries,2,Medium,2019,2019.5,288538949,294801328,583340277,33.976
1674,Land-locked Countries (Others),2,Medium,2019,2019.5,30279369,32088217,62367586,98.771
1636,Land-locked Developing Countries (LLDC),2,Medium,2019,2019.5,25825958,262713111,520972691,31.502
418,Lao People's Democratic Republic,2,Medium,2019,2019.5,3599028,3570428,7169456,31.064
904,Latin America and the Caribbean,2,Medium,2019,2019.5,318803128,329317828,648120956,32.182
1830,Latin America and the Caribbean,2,Medium,2019,2019.5,318803128,329317828,648120956,32.182
1532,Latin American Integration Association (ALADI),2,Medium,2019,2019.5,279703641,288992904,568696545,29.715
1826,Latin American and Caribbean Group (GRULAC),2,Medium,2019,2019.5,316600441,326873734,643474175,32.125
428,Latvia,2,Medium,2019,2019.5,877948,1028792,1906740,30.655
1559,"League of Arab States (LAS, informal name: Arab League)",2,Medium,2019,2019.5,221900697,206265692,428166389,32.909
941,Least developed countries,2,Medium,2019,2019.5,513951412,519437456,1033388868,51.315
1475,Least developed: Africa,2,Medium,2019,2019.5,339345341,343065281,682410622,38.991
1476,Least developed: Asia,2,Medium,2019,2019.5,168492352,170123849,338616201,131.863
1477,Least developed: Latin America and the Caribbean,2,Medium,2019,2019.5,5557596,5705483,11263079,408.675
1478,Least developed: Oceania,2,Medium,2019,2019.5,556123,542843,1098966,26.791
422,Lebanon,2,Medium,2019,2019.5,3449246,3406463,6855709,670.157
426,Lesotho,2,Medium,2019,2019.5,1047944,1077323,2125267,70.002
902,Less developed regions,2,Medium,2019,2019.5,3270017937,3172819948,6442837885,79.544
948,"Less developed regions, excluding China",2,Medium,2019,2019.5,2518843362,2458360347,4977203709,69.541
934,"Less developed regions, excluding least developed countries",2,Medium,2019,2019.5,2756066525,2653382492,5409449017,88.885
1479,Less developed: Africa,2,Medium,2019,2019.5,65351368,654550496,1308064176,44.119
1480,Less developed: Asia,2,Medium,2019,2019.5,2291515935,2182995032,4474510967,145.899
1481,Less developed: Latin America and the Caribbean,2,Medium,2019,2019.5,318803128,329317828,648120956,32.182
1482,Less developed: Oceania,2,Medium,2019,2019.5,6185194,5956592,12141786,22.449
430,Liberia,2,Medium,2019,2019.5,2481116,2456258,4937374,51.26
434,Libya,2,Medium,2019,2019.5,3422619,3354834,6777453,3.852
438,Liechtenstein,2,Medium,2019,2019.5,NA,NA,3802,237.625
440,Lithuania,2,Medium,2019,2019.5,1276477,1483154,2759631,44.032
1500,Low-income countries,2,Medium,2019,2019.5,375045225,380804516,755849741,50.919
1501,Lower-middle-income countries,2,Medium,2019,2019.5,1559059913,1498648971,3057708884,142.498
442,Luxembourg,2,Medium,2019,2019.5,314964,311144,626108,237.734
450,Madagascar,2,Medium,2019,2019.5,13452929,13516377,26969306,46.355
454,Malawi,2,Medium,2019,2019.5,9185278,9443471,18628749,197.59
458,Malaysia,2,Medium,2019,2019.5,16423164,15526625,31949789,97.245
462,Maldives,2,Medium,2019,2019.5,33607,194887,530957,1769.857
466,Mali,2,Medium,2019,2019.5,9844537,9813486,19658023,16.111
470,Malta,2,Medium,2019,2019.5,220783,219594,440377,1376.178
584,Marshall Islands,2,Medium,2019,2019.5,NA,NA,58791,326.617
474,Martinique,2,Medium,2019,2019.5,172972,202585,375557,354.299
478,Mauritania,2,Medium,2019,2019.5,2271843,2253855,4525698,4.391
480,Mauritius,2,Medium,2019,2019.5,626971,642699,126967,625.453
175,Mayotte,2,Medium,2019,2019.5,130865,135288,266153,709.741
928,Melanesia,2,Medium,2019,2019.5,5565816,5352718,10918534,20.617
484,Mexico,2,Medium,2019,2019.5,62403393,65172136,127575529,65.627
954,Micronesia,2,Medium,2019,2019.5,274614,268869,543483,171.446
583,Micronesia (Federated States of),2,Medium,2019,2019.5,57867,55944,113811,162.587
911,Middle Africa,2,Medium,2019,2019.5,86971289,87337138,174308427,26.83
1517,Middle-income countries,2,Medium,2019,2019.5,2886342656,2810324658,5696667314,73.986
492,Monaco,2,Medium,2019,2019.5,NA,NA,38967,26152.349
496,Mongolia,2,Medium,2019,2019.5,1589932,1635234,3225166,2.076
499,Montenegro,2,Medium,2019,2019.5,310506,317482,627988,46.691
500,Montserrat,2,Medium,2019,2019.5,NA,NA,4991,49.91
901,More developed regions,2,Medium,2019,2019.5,619016674,651613646,127063032,25.88
1483,More developed: Asia,2,Medium,2019,2019.5,6195031,64909989,126860299,347.987
1484,More developed: Europe,2,Medium,2019,2019.5,360711588,386471227,747182815,33.756
1485,More developed: Northern America,2,Medium,2019,2019.5,181452303,185148641,366600944,19.655
1486,More developed: Oceania,2,Medium,2019,2019.5,14902473,15083789,29986262,3.774
504,Morocco,2,Medium,2019,2019.5,18093063,18378703,36471766,81.72
508,Mozambique,2,Medium,2019,2019.5,14745851,15620192,30366043,38.615
104,Myanmar,2,Medium,2019,2019.5,26044666,28000756,54045422,82.728
516,Namibia,2,Medium,2019,2019.5,1208862,1285662,2494524,3.03
520,Nauru,2,Medium,2019,2019.5,NA,NA,10764,538.2
524,Nepal,2,Medium,2019,2019.5,13046953,15561762,28608715,199.572
528,Netherlands,2,Medium,2019,2019.5,8514835,8582288,17097123,507.032
1108,Netherlands (and dependencies),2,Medium,2019,2019.5,8674191,8761037,17435228,502.369
540,New Caledonia,2,Medium,2019,2019.5,142226,140531,282757,15.468
1552,New EU member states (joined since 2004),2,Medium,2019,2019.5,50330101,53593174,103923275,93.31
554,New Zealand,2,Medium,2019,2019.5,2351162,24319,4783062,18.165
1109,New Zealand (and dependencies),2,Medium,2019,2019.5,2361203,244235,4803553,18.208
558,Nicaragua,2,Medium,2019,2019.5,3225984,3319519,6545503,54.392
562,Niger,2,Medium,2019,2019.5,11714461,11596258,23310719,18.403
566,Nigeria,2,Medium,2019,2019.5,101831874,99131729,200963603,220.652
570,Niue,2,Medium,2019,2019.5,NA,NA,1614,6.208
1518,No income group available,2,Medium,2019,2019.5,141915,1488516,2907666,7.907
1615,Non-Self-Governing Territories,2,Medium,2019,2019.5,878128,853573,1731701,5.712
1520,North American Free Trade Agreement (NAFTA),2,Medium,2019,2019.5,24379323,250258254,494051484,24.476
1555,North Atlantic Treaty Organization (NATO),2,Medium,2019,2019.5,462668917,477935264,940604181,41.107
807,North Macedonia,2,Medium,2019,2019.5,1042305,1041153,2083458,82.611
912,Northern Africa,2,Medium,2019,2019.5,121478638,120302127,241780765,31.119
1833,Northern Africa and Western Asia,2,Medium,2019,2019.5,265615435,251490123,517105558,41.123
918,Northern America,2,Medium,2019,2019.5,181452303,185148641,366600944,19.655
905,Northern America,2,Medium,2019,2019.5,181452303,185148641,366600944,19.655
924,Northern Europe,2,Medium,2019,2019.5,52217032,535515,105768532,62.128
580,Northern Mariana Islands (Commonwealth of the),2,Medium,2019,2019.5,NA,NA,57213,124.376
578,Norway,2,Medium,2019,2019.5,2716812,2662047,5378859,14.726
909,Oceania,2,Medium,2019,2019.5,21087667,21040381,42128048,4.964
1835,Oceania (excluding Australia and New Zealand),2,Medium,2019,2019.5,6185194,5956592,12141786,22.449
512,Oman,2,Medium,2019,2019.5,3284448,1690544,4974992,16.074
1505,Organisation for Economic Co-operation and Development (OECD),2,Medium,2019,2019.5,64341327,664303372,1307716642,37.94
2086,Organization for Security and Co-operation in Europe (OSCE),2,Medium,2019,2019.5,629855249,661531952,1291387201,27.586
2085,Organization of American States (OAS),2,Medium,2019,2019.5,497990278,511959852,100995013,26.389
1521,Organization of Petroleum Exporting countries (OPEC),2,Medium,2019,2019.5,260927123,24696065,507887773,41.057
1570,Organization of the Islamic Conference (OIC),2,Medium,2019,2019.5,950183428,922658895,1872842323,60.068
586,Pakistan,2,Medium,2019,2019.5,111447581,105117736,216565317,280.933
585,Palau,2,Medium,2019,2019.5,NA,NA,18001,39.133
591,Panama,2,Medium,2019,2019.5,2126434,2120006,4246440,57.122
598,Papua New Guinea,2,Medium,2019,2019.5,4480011,4296108,8776119,19.379
600,Paraguay,2,Medium,2019,2019.5,3580888,3463751,7044639,17.731
604,Peru,2,Medium,2019,2019.5,16148241,16362221,32510462,25.399
608,Philippines,2,Medium,2019,2019.5,54316072,5380055,108116622,362.601
616,Poland,2,Medium,2019,2019.5,18360539,19527232,37887771,123.723
957,Polynesia,2,Medium,2019,2019.5,344764,335005,679769,84.026
620,Portugal,2,Medium,2019,2019.5,4836674,5389504,10226178,111.652
630,Puerto Rico,2,Medium,2019,2019.5,1391966,1541438,2933404,330.711
634,Qatar,2,Medium,2019,2019.5,2133521,69855,2832071,243.934
410,Republic of Korea,2,Medium,2019,2019.5,25649457,25575864,51225321,526.847
498,Republic of Moldova,2,Medium,2019,2019.5,1937848,210541,4043258,123.082
642,Romania,2,Medium,2019,2019.5,9418287,9946271,19364558,84.132
643,Russian Federation,2,Medium,2019,2019.5,6760294,7826932,14587226,8.907
646,Rwanda,2,Medium,2019,2019.5,6206086,6420852,12626938,511.834
638,Réunion,2,Medium,2019,2019.5,430284,458648,888932,355.573
2093,"SIDS Atlantic, and Indian Ocean, Mediterranean and South China Sea (AIMS)",2,Medium,2019,2019.5,84212,7569584,15990784,37.205
2091,SIDS Caribbean,2,Medium,2019,2019.5,21387879,21921144,43309023,191.904
2092,SIDS Pacific,2,Medium,2019,2019.5,6179028,5949992,1212902,22.432
652,Saint Barthélemy,2,Medium,2019,2019.5,NA,NA,9853,447.864
654,Saint Helena,2,Medium,2019,2019.5,NA,NA,6061,15.541
659,Saint Kitts and Nevis,2,Medium,2019,2019.5,NA,NA,52834,203.208
662,Saint Lucia,2,Medium,2019,2019.5,90021,92774,182795,299.664
663,Saint Martin,2,Medium,2019,2019.5,NA,NA,38002,717.019
666,Saint Pierre and Miquelon,2,Medium,2019,2019.5,NA,NA,5821,25.309
670,Saint Vincent and the Grenadines,2,Medium,2019,2019.5,56097,54496,110593,283.572
882,Samoa,2,Medium,2019,2019.5,102004,95089,197093,69.644
674,San Marino,2,Medium,2019,2019.5,NA,NA,33864,564.4
678,Sao Tome and Principe,2,Medium,2019,2019.5,107611,107437,215048,224.008
682,Saudi Arabia,2,Medium,2019,2019.5,19783532,14484997,34268529,15.941
686,Senegal,2,Medium,2019,2019.5,7946433,8349929,16296362,84.643
688,Serbia,2,Medium,2019,2019.5,4297444,4474784,8772228,100.3
690,Seychelles,2,Medium,2019,2019.5,50167,47574,97741,212.48
2073,Shanghai Cooperation Organization (SCO),2,Medium,2019,2019.5,1658126077,1571782965,3229909042,97.977
694,Sierra Leone,2,Medium,2019,2019.5,389835,3914857,7813207,108.246
702,Singapore,2,Medium,2019,2019.5,3038226,2766117,5804343,8291.919
534,Sint Maarten,2,Medium,2019,2019.5,NA,NA,42389,1246.735
703,Slovakia,2,Medium,2019,2019.5,2656513,2800499,5457012,113.48
705,Slovenia,2,Medium,2019,2019.5,1034684,104397,2078654,103.21
1637,Small Island Developing States (SIDS),2,Medium,2019,2019.5,35988107,3544072,71428827,59.714
90,Solomon Islands,2,Medium,2019,2019.5,340582,329239,669821,23.931
706,Somalia,2,Medium,2019,2019.5,7700196,774271,15442906,24.616
710,South Africa,2,Medium,2019,2019.5,28859302,29698965,58558267,48.272
931,South America,2,Medium,2019,2019.5,21037684,216822585,427199425,24.466
1321,South Asian Association for Regional Cooperation (SAARC),2,Medium,2019,2019.5,947602141,887695362,1835297503,384.631
728,South Sudan,2,Medium,2019,2019.5,553653,5525584,11062114,18.106
920,South-Eastern Asia,2,Medium,2019,2019.5,330672968,331338878,662011846,152.513
913,Southern Africa,2,Medium,2019,2019.5,32793014,3383688,66629894,25.137
1564,Southern African Development Community (SADC),2,Medium,2019,2019.5,17515449,178785639,353940129,36.688
5501,Southern Asia,2,Medium,2019,2019.5,989492031,928719365,1918211396,299.715
1534,Southern Common Market (MERCOSUR),2,Medium,2019,2019.5,150652191,155713304,306365495,22.473
925,Southern Europe,2,Medium,2019,2019.5,7445162,7799533,15244695,117.727
724,Spain,2,Medium,2019,2019.5,22960648,23776134,46736782,93.698
144,Sri Lanka,2,Medium,2019,2019.5,10233415,11090319,21323734,340.037
275,"occupied Palestinian territory, including east Jerusalem",2,Medium,2019,2019.5,252635,2455072,4981422,827.479
947,Sub-Saharan Africa,2,Medium,2019,2019.5,532035042,534248369,1066283411,48.735
729,Sudan,2,Medium,2019,2019.5,21387956,21425281,42813237,24.256
740,Suriname,2,Medium,2019,2019.5,292255,289108,581363,3.727
752,Sweden,2,Medium,2019,2019.5,5025597,5010794,10036391,24.459
756,Switzerland,2,Medium,2019,2019.5,4260661,43307,8591361,217.415
760,Syrian Arab Republic,2,Medium,2019,2019.5,855455,8515582,17070132,92.959
762,Tajikistan,2,Medium,2019,2019.5,4697953,462307,9321023,66.598
764,Thailand,2,Medium,2019,2019.5,33904846,35720735,69625581,136.283
626,Timor-Leste,2,Medium,2019,2019.5,653507,639613,129312,86.962
768,Togo,2,Medium,2019,2019.5,4020646,4061713,8082359,148.6
772,Tokelau,2,Medium,2019,2019.5,NA,NA,133,133
776,Tonga,2,Medium,2019,2019.5,52286,52211,104497,145.135
780,Trinidad and Tobago,2,Medium,2019,2019.5,688982,705987,1394969,271.924
788,Tunisia,2,Medium,2019,2019.5,579798,5896741,11694721,75.275
792,Turkey,2,Medium,2019,2019.5,41173709,42255898,83429607,108.402
795,Turkmenistan,2,Medium,2019,2019.5,2925688,3016406,5942094,12.645
796,Turks and Caicos Islands,2,Medium,2019,2019.5,NA,NA,38194,40.204
798,Tuvalu,2,Medium,2019,2019.5,NA,NA,11655,388.5
1735,UN-ECE: member countries,2,Medium,2019,2019.5,632502267,664178326,1296680593,28.636
1819,UNFPA Regions,2,Medium,2019,2019.5,3220255434,3138544844,6358800278,80.319
1611,UNFPA: Arab States (AS),2,Medium,2019,2019.5,186897933,1831725,370070433,38.095
1610,UNFPA: Asia and the Pacific (AP),2,Medium,2019,2019.5,2072422931,1975526176,4047949107,181.404
1703,UNFPA: East and Southern Africa (ESA),2,Medium,2019,2019.5,298317194,303164221,601481415,49.391
1612,UNFPA: Eastern Europe and Central Asia (EECA),2,Medium,2019,2019.5,120874085,127296749,248170834,42.183
1613,UNFPA: Latin America and the Caribbean (LAC),2,Medium,2019,2019.5,316851964,327149879,644001843,32.147
1704,UNFPA: West and Central Africa (WCA),2,Medium,2019,2019.5,224891327,222235319,447126646,49.424
1818,UNICEF PROGRAMME REGIONS,2,Medium,2019,2019.5,3266652233,317389164,6440543873,78.708
1586,UNICEF Programme Regions: East Asia and Pacific (EAPRO),2,Medium,2019,2019.5,10829309,1046806811,2129737711,133.824
2042,UNICEF Programme Regions: Eastern Caribbean,2,Medium,2019,2019.5,1183379,1213848,2397227,248.675
1587,UNICEF Programme Regions: Eastern and Southern Africa (ESARO),2,Medium,2019,2019.5,262071316,266792767,528864083,50.194
1585,UNICEF Programme Regions: Europe and Central Asia (CEECIS),2,Medium,2019,2019.5,135992947,143300849,279293796,44.393
2041,UNICEF Programme Regions: Latin America,2,Medium,2019,2019.5,315271782,32550377,640775552,32.019
1589,UNICEF Programme Regions: Latin America and Caribbean (LACRO),2,Medium,2019,2019.5,316455161,326717618,643172779,32.124
1590,UNICEF Programme Regions: Middle East and North Africa (MENARO),2,Medium,2019,2019.5,253389338,236871449,490260787,37.773
1591,UNICEF Programme Regions: South Asia (ROSA),2,Medium,2019,2019.5,947602141,887695362,1835297503,384.631
1592,UNICEF Programme Regions: West and Central Africa (WCARO),2,Medium,2019,2019.5,26821043,265706784,533917214,47.192
2035,UNICEF REGIONS,2,Medium,2019,2019.5,3889034611,3824433594,7713468205,59.291
2036,UNICEF Regions: East Asia and Pacific,2,Medium,2019,2019.5,1204677671,1172073343,2376751014,97.457
2034,UNICEF Regions: Eastern Europe and Central Asia,2,Medium,2019,2019.5,203595887,221570169,425166056,18.756
2039,UNICEF Regions: Eastern and Southern Africa,2,Medium,2019,2019.5,285209506,289963867,575173373,46.649
2029,UNICEF Regions: Europe and Central Asia,2,Medium,2019,2019.5,447044853,474980463,922025316,34.122
2031,UNICEF Regions: Latin America and Caribbean,2,Medium,2019,2019.5,318803128,329317828,648120956,32.182
2037,UNICEF Regions: Middle East and North Africa,2,Medium,2019,2019.5,236031517,219544307,455575824,39.689
2032,UNICEF Regions: North America,2,Medium,2019,2019.5,181452303,185148641,366600944,19.655
2038,UNICEF Regions: South Asia,2,Medium,2019,2019.5,947602141,887695362,1835297503,384.631
2033,UNICEF Regions: Sub-Saharan Africa,2,Medium,2019,2019.5,553422998,55567365,1109096648,46.908
2040,UNICEF Regions: West and Central Africa,2,Medium,2019,2019.5,268213492,265709783,533923275,47.191
2030,UNICEF Regions: Western Europe,2,Medium,2019,2019.5,243448966,253410294,49685926,114.143
1822,UNITED NATIONS Regional Groups of Member States,2,Medium,2019,2019.5,3886203129,3821700381,7707903418,59.373
800,Uganda,2,Medium,2019,2019.5,21807166,22462421,44269587,221.558
804,Ukraine,2,Medium,2019,2019.5,20379023,2361462,43993643,75.94
784,United Arab Emirates,2,Medium,2019,2019.5,6766806,300372,9770526,116.872
826,The United Kingdom,2,Medium,2019,2019.5,33351435,34178726,67530161,279.131
1110,United Kingdom (and dependencies),2,Medium,2019,2019.5,33605728,34439971,68045699,264.934
1730,United Nations Economic Commission for Africa (UN-ECA),2,Medium,2019,2019.5,652644714,653675858,1306320572,44.464
1745,United Nations Economic Commission for Latin America and the Caribbean (UN-ECLAC),2,Medium,2019,2019.5,318801466,329316118,648117584,32.201
1760,United Nations Economic and Social Commission for Asia and the Pacific (UN-ESCAP) Regions,2,Medium,2019,2019.5,2335676321,2255015629,459069195,88.272
1599,United Nations Member States,2,Medium,2019,2019.5,3886203129,3821700381,770790351,59.373
834,United Republic of Tanzania,2,Medium,2019,2019.5,28980621,2902484,58005461,65.484
850,United States Virgin Islands,2,Medium,2019,2019.5,49704,54875,104579,298.797
840,United States of America,2,Medium,2019,2019.5,162826299,166238618,329064917,35.974
1111,United States of America (and dependencies),2,Medium,2019,2019.5,164409733,167972987,33238272,36.295
1502,Upper-middle-income countries,2,Medium,2019,2019.5,1327282743,1311675687,263895843,47.516
858,Uruguay,2,Medium,2019,2019.5,1671889,1789842,3461731,19.779
860,Uzbekistan,2,Medium,2019,2019.5,16450116,16531599,32981715,77.531
548,Vanuatu,2,Medium,2019,2019.5,152038,147844,299882,24.601
862,Venezuela (Bolivarian Republic of),2,Medium,2019,2019.5,14045228,14470601,28515829,32.329
704,Viet Nam,2,Medium,2019,2019.5,48151352,48310756,96462108,311.098
1509,WB region: East Asia and Pacific (excluding high income),2,Medium,2019,2019.5,1082939007,1046815524,2129754531,133.831
1510,WB region: Europe and Central Asia (excluding high income),2,Medium,2019,2019.5,201605872,219429885,421035757,18.62
1511,WB region: Latin America and Caribbean (excluding high income),2,Medium,2019,2019.5,280528965,289282904,569811869,34.991
1512,WB region: Middle East and North Africa (excluding high income),2,Medium,2019,2019.5,196415223,193337968,389753191,45.105
1513,WB region: South Asia (excluding high income),2,Medium,2019,2019.5,947602141,887695362,1835297503,384.631
1508,WB region: Sub-Saharan Africa (excluding high income),2,Medium,2019,2019.5,552296673,554567531,1106864204,46.867
1820,WHO Regions,2,Medium,2019,2019.5,3867203614,3801684612,7668888226,59.34
1593,WHO: African region (AFRO),2,Medium,2019,2019.5,545008354,546750502,1091758856,46.247
1596,WHO: Americas (AMRO),2,Medium,2019,2019.5,497990278,511959852,100995013,26.389
1595,WHO: Eastern Mediterranean Region (EMRO),2,Medium,2019,2019.5,367790826,344485465,712276291,56.34
1594,WHO: European Region (EURO),2,Medium,2019,2019.5,451093616,479073002,930166618,34.399
1597,WHO: South-East Asia region (SEARO),2,Medium,2019,2019.5,1026050375,975895902,2001946277,309.953
1598,WHO: Western Pacific region (WPRO),2,Medium,2019,2019.5,979270165,943519889,1922790054,90.626
876,Wallis and Futuna,2,Medium,2019,2019.5,NA,NA,11436,81.686
1543,West African Economic and Monetary Union (UEMOA),2,Medium,2019,2019.5,63478176,63629292,127107468,36.67
914,Western Africa,2,Medium,2019,2019.5,196986982,194453165,391440147,64.551
922,Western Asia,2,Medium,2019,2019.5,144136797,131187996,275324793,57.299
926,Western Europe,2,Medium,2019,2019.5,96018941,99503471,195522412,180.239
1827,Western European and Others Group (WEOG),2,Medium,2019,2019.5,453121385,465967038,919088423,29.497
732,Western Sahara,2,Medium,2019,2019.5,304755,277703,582458,2.19
900,World,2,Medium,2019,2019.5,3889034611,3824433594,7713468205,59.291
1801,World Bank Regional Groups (developing only),2,Medium,2019,2019.5,3261387881,3191129174,6452517055,70.258
887,Yemen,2,Medium,2019,2019.5,14692284,14469638,29161922,55.234
894,Zambia,2,Medium,2019,2019.5,8843214,901782,17861034,24.026
716,Zimbabwe,2,Medium,2019,2019.5,6983353,766212,14645473,37.858
NA,Kosovo[1],NA,Medium,2019,2019.5,910647,857483,1768130,162.407
